id,first_name,last_name,age,gender,visit_date
16351203 2040,Leroy,Dillon,55,M,2020-09-07
16980104 6773,Macaulay,Griffin,14,M,2020-09-07
16230625 0982,Phillip,Chapman,45,M,2020-09-07
16180206 2123,Phillip,Moses,39,M,2020-09-07
16980621 8401,Tatyana,Goodman,40,F,2020-09-07
16830518 3173,Tyler,Thomas,53,M,2020-09-07
16910312 6083,Colin,Orr,58,F,2020-09-08
16390520 4339,Paula,Owens,54,F,2020-09-08
16800607 2998,Ursula,Macdonald,30,F,2020-09-09
16811227 0171,Shoshana,Scott,53,F,2020-09-09
16110726 0281,Ralph,Burnett,22,M,2020-09-09
16951125 8510,Dalton,Dixon,54,M,2020-09-09
16540404 1070,Simone,Farmer,52,F,2020-09-09
16640123 1128,Brenden,Herrera,44,M,2020-09-09
16010123 3898,Destiny,Page,54,F,2020-09-09
16590403 5325,Jessica,Key,31,F,2020-09-09
16221224 1562,Irene,Burns,56,F,2020-09-09
16701019 5167,Wendy,Goff,87,F,2020-09-09
16150807 9660,Ali,Michael,78,F,2020-09-09
16161226 9090,Deacon,Combs,67,F,2020-09-09
16171207 0364,Cedric,Henderson,58,F,2020-09-09
16870606 8205,Leslie,Livingston,57,M,2020-09-09
16240415 9101,Isadora,Cooper,58,F,2020-09-09
16900422 3658,Jermaine,Reilly,92,M,2020-09-10
16340129 9866,Michelle,Morton,54,F,2020-09-10
16970801 5491,Adam,Brennan,56,M,2020-09-10
16450708 6694,Lysandra,Long,12,F,2020-09-10
16320105 4750,Quon,Sexton,28,M,2020-09-10
16211211 8878,Kimberly,Mckinney,19,F,2020-09-10
16551108 6646,Mariam,Hicks,41,F,2020-09-10
16621002 7493,Yoshi,Phelps,54,M,2020-09-10
16760311 1894,Gloria,Perry,53,F,2020-09-10
16910725 5623,Eagan,Ochoa,77,M,2020-09-10
16570422 6256,Tanek,Michael,60,M,2020-09-10
16130104 7922,Hu,Casey,53,M,2020-09-10
16430803 4372,Igor,Jackson,55,F,2020-09-10
16660826 4708,Skyler,Rutledge,41,F,2020-09-10
16520423 5484,Talon,Willis,20,M,2020-09-10
16060518 9570,Melvin,Jenkins,10,M,2020-09-10
16650127 7898,Lois,Pugh,54,F,2020-09-10
16650727 9476,Judith,Crane,67,F,2020-09-10
16480601 7432,Yuri,Gonzalez,62,M,2020-09-10
16501018 3092,Rachel,Ballard,56,F,2020-09-10
16840311 3148,Patience,Ball,70,F,2020-09-11
16920925 1553,Laurel,Patel,54,F,2020-09-11
16310630 4243,Quamar,Kane,75,M,2020-09-11
16500626 5622,Lael,Salazar,86,F,2020-09-11
16010624 6572,Zeus,Romero,91,M,2020-09-11
16130914 1180,Judah,Campbell,3,M,2020-09-11
16081228 7118,Paki,Lang,13,M,2020-09-11
16650826 7405,Keegan,Davidson,58,F,2020-09-11
16850423 2730,Caryn,Cortez,57,F,2020-09-11
16610627 0090,Kevyn,York,67,M,2020-09-11
16490903 0357,Christen,Mosley,34,M,2020-09-11
16210819 5716,Nash,Dunlap,45,M,2020-09-11
16650817 1045,Seth,Weiss,57,M,2020-09-11
16810923 8314,Eleanor,Silva,57,F,2020-09-11
16210513 6002,Wade,Benton,58,M,2020-09-14
16730903 8441,Colton,Walker,43,M,2020-09-14
16190306 1271,Merrill,Schmidt,25,M,2020-09-14
16051007 9460,Myra,Spencer,53,F,2020-09-14
16260222 9748,Shaine,Ford,57,F,2020-09-14
16180207 7451,Kasimir,English,77,M,2020-09-14
16710710 5194,Randall,Alexander,79,M,2020-09-14
16920920 8231,Devin,Franks,52,F,2020-09-14
16580421 2305,Amber,Whitfield,55,F,2020-09-14
16330720 2394,Harriet,Witt,16,F,2020-09-14
16360403 9994,Hoyt,Peck,24,M,2020-09-15
16070616 6170,Ramona,Adams,51,F,2020-09-15
16130224 0112,Paula,Curry,62,F,2020-09-16
16590812 5841,Cadman,Ferrell,58,M,2020-09-15
16200812 5748,Tanner,Walton,25,M,2020-09-15
16010212 0565,Alana,Trevino,57,F,2020-09-15
16920225 4620,Suki,Mathews,55,F,2020-09-15
16961018 8659,Ciaran,Hutchinson,23,F,2020-09-15
16060415 8634,Neve,Best,2,F,2020-09-15
16460614 0277,Julian,Burks,0,F,2020-09-15
16171027 8415,Libby,Rasmussen,4,F,2020-09-15
16410207 2461,Hiram,Forbes,55,F,2020-09-15
16761207 0784,Jocelyn,Hernandez,34,F,2020-09-15
16500502 6595,Jordan,Neal,55,M,2020-09-16
16150717 6640,Carissa,Lloyd,54,F,2020-09-16
16810413 7925,Irma,Cline,67,F,2020-09-16
16050329 9679,Zeph,Davidson,89,M,2020-09-16
16330907 6432,Nelle,Gregory,90,F,2020-09-16
16300826 8389,Madeline,Blevins,9,F,2020-09-16
16440830 1762,Nita,Bullock,3,F,2020-09-16
16750830 3497,Malik,Dixon,77,M,2020-09-16
16760322 3111,Mason,Hammond,67,M,2020-09-16
16740919 5216,Emily,Mcguire,86,F,2020-09-16
16860713 0146,Florence,Leach,54,F,2020-09-16
16170125 1702,Kelsie,Grimes,65,F,2020-09-16
16461023 6228,Germaine,Coleman,36,M,2020-09-16
16640909 9774,Kadeem,Lindsay,65,M,2020-09-16
16891103 0453,Jermaine,Love,56,M,2020-09-16
16510720 9487,Gemma,Baird,6,F,2020-09-16
16430629 1396,Brent,Barr,67,M,2020-09-16
16340902 2765,Sylvia,Mercado,86,F,2020-09-16